filename,post_title,vimeo_id,youtube_id,youtube_title,youtube_url,confirmed
2015-06-02-gonjasufi-demonchild.md,Gonjasufi - Demonchild,32464167,Lpm7yq7TaUw,"GONJASUFI -  ""DEMONCHILD""",https://www.youtube.com/watch?v=Lpm7yq7TaUw,YES
2015-06-03-flying-lotus-tiny-tortures.md,Flying Lotus - Tiny Tortures,54585743,Fbi6pvFhXcE,Flying Lotus - Tiny Tortures,https://www.youtube.com/watch?v=Fbi6pvFhXcE,YES
2015-06-03-flying-lotus-until-the-quiet-comes.md,Flying Lotus - ''Until The Quiet Comes'',48551671,vF1T-AEH2GA,Flying Lotus - Until The Quiet Comes — short film by Kahlil Joseph,https://www.youtube.com/watch?v=vF1T-AEH2GA,YES
2015-06-03-king-khan-the-shrines-bite-my-tongue.md,King Khan & The Shrines - Bite My Tongue,57164413,kWdxRh07X9A,King Khan & the Shrines - Bite My Tongue (Official Music Video),https://www.youtube.com/watch?v=kWdxRh07X9A,YES
2015-06-03-systema-solar-malpalpitando.md,Systema Solar - Malpalpitando,15862504,ShYLc6pxw7M,"Systema Solar - ""Malpalpitando"" (Official Music Video)",https://www.youtube.com/watch?v=ShYLc6pxw7M,YES
2015-06-04-gazelle-twin-anti-body.md,Gazelle Twin - Anti Body,93770855,NMiPD6EqbyQ,Gazelle Twin - Anti Body (official video),https://www.youtube.com/watch?v=NMiPD6EqbyQ,YES
2015-06-04-momentum-octav-rolan.md,MOMENTUM / Octav Rolan,120344655,ZYMnYNd7baw,Octav Rolan   Momentum Official Video,https://www.youtube.com/watch?v=ZYMnYNd7baw,YES
2015-06-10-panda-bear-boys-latin.md,Panda Bear - Boys Latin,113544877,prBaZzYmQrI,Panda Bear - Boys Latin (Official Video),https://www.youtube.com/watch?v=prBaZzYmQrI,YES
2015-07-06-dj-mehdi-signatune.md,DJ Mehdi - Signatune,9357434,bOyU_OzRXnM,DJ Mehdi - Signatune (Thomas Bangalter Short Edit) [Official Video],https://www.youtube.com/watch?v=bOyU_OzRXnM,YES
2015-07-06-just-blaze-x-baauer-x-jayz-higher.md,JUST BLAZE X BAAUER x JAYZ. [HIGHER],72167302,uQ_q7Z3Cvzw,Just Blaze and Baauer - Higher ft. JAY Z (OFFICIAL VIDEO) ft. JAY Z,https://www.youtube.com/watch?v=uQ_q7Z3Cvzw,YES
2015-07-06-justice-stress.md,Justice - Stress,9518258,QWaWsgBbFsA,Justice - Stress (Official Video),https://www.youtube.com/watch?v=QWaWsgBbFsA,YES
2015-07-06-m-i-a-born-free.md,M.I.A - Born Free,11219730,,,,NO
2015-07-06-michel-homm.md,Michel Homm,82116127,lbSOLBMUvIE,Michael Bublé - Home [Official Music Video],https://www.youtube.com/watch?v=lbSOLBMUvIE,YES
2015-07-06-rone-bye-bye-macadam.md,"Rone - \""Bye Bye Macadam\",56555095,kfoJUeyMsOE,Rone - Bye Bye Macadam (Official Video),https://www.youtube.com/watch?v=kfoJUeyMsOE,YES
2015-07-06-sebastien-tellier-look.md,Sebastien Tellier - Look,10061302,8jL0vy2YaDg,Sébastien Tellier - Look (Official Video),https://www.youtube.com/watch?v=8jL0vy2YaDg,YES
2015-07-06-the-good-the-bad-030-uncut.md,The Good The Bad - 030 (UNCUT),75137934,jKcSatYPSx8,The Making Of Good To Be Bad [Uncut Uncensored],https://www.youtube.com/watch?v=jKcSatYPSx8,YES
2015-09-14-apashe-kannibalen.md,Apashe - Kannibalen,120656061,SxdXhJAeGZo,Apashe - Kannibalen | Official Video,https://www.youtube.com/watch?v=SxdXhJAeGZo,YES
2015-09-14-dizzee-rascal-bassline-junkie.md,Dizzee Rascal - Bassline Junkie,60016130,D1gl46hh3sQ,Dizzee Rascal - Bassline Junkie (Explicit),https://www.youtube.com/watch?v=D1gl46hh3sQ,YES
2015-09-14-gesaffelstein-hate-or-glory.md,Gesaffelstein | Hate or Glory,75029458,m7YSNbq2KcQ,"Gesaffelstein - ""Hate or Glory"" (Official Music Video)",https://www.youtube.com/watch?v=m7YSNbq2KcQ,YES
2015-09-14-jackson-his-computer-band-g-i-jane.md,Jackson & His Computer Band | G.I. Jane,78625666,,,,NO
2015-09-14-koudlam-ft-scratch-massive-waiting-for-a-sign.md,Koudlam ft Scratch Massive - Waiting for a Sign,57458385,uQ52WfZfa5I,"Scratch Massive ft. Koudlam - ""Waiting for a Sign"" (Official Video)",https://www.youtube.com/watch?v=uQ52WfZfa5I,YES
2015-09-14-skrillex-doompy-poomp-by-fleur-manu.md,Skrillex - Doompy Poomp by Fleur & Manu,138782141,7eodQplrKrU,Fleur & Manu x Skrillex - Doompy Poomp,https://www.youtube.com/watch?v=7eodQplrKrU,YES
2015-09-14-sveriges-radio-decisive-moments-dir-cut.md,Sveriges Radio – Decisive Moments (Dir. Cut),136803672,MslDnwerQRA,Idina Menzel - Defying Gravity (from LIVE: Barefoot at the Symphony),https://www.youtube.com/watch?v=MslDnwerQRA,YES
2015-09-29-alb-the-road.md,ALB - THE ROAD,123538098,vZHtjv4oJw8,ALB - The Road (Clip officiel),https://www.youtube.com/watch?v=vZHtjv4oJw8,YES
2015-10-13-de-staat-witch-doctor.md,De Staat - Witch Doctor,140161428,0ttGgIQpAUc,De Staat - Witch Doctor (official video),https://www.youtube.com/watch?v=0ttGgIQpAUc,YES
2015-10-13-jackal-carbomb.md,Jackal: Carbomb,142132713,m6z5mo4VQ5M,Jackal: Carbomb (Official Video),https://www.youtube.com/watch?v=m6z5mo4VQ5M,YES
2015-10-14-slightly-left-of-centre-love-the-way-you-move.md,Slightly Left Of Centre - Love The Way You Move,68930177,Wga5A6R9BJg,Slightly Left of Centre - Love The Way You Move (LTWYM) Official Music Video,https://www.youtube.com/watch?v=Wga5A6R9BJg,YES
2015-10-22-brodinski-cant-help-myself.md,Brodinski - Can''t Help Myself,112391679,VQu-rJEoYQY,Brodinski Feat. SD - Can't Help Myself (Official Video),https://www.youtube.com/watch?v=VQu-rJEoYQY,YES
2015-10-24-define-beauty-scratchnsniff.md,Define Beauty: Scratch’n’Sniff,143238252,zXGnrd7yYSc,Kenwood Human scratch n' sniff,https://www.youtube.com/watch?v=zXGnrd7yYSc,YES
2015-11-02-edward-sharpe-and-the-magnetic-zeros-kisses-over-babylon.md,"Edward Sharpe and The Magnetic Zeros - \""KISSES OVER BABYLON\",7811853,,,,NO
2015-11-02-the-flaming-lips-the-sparrow-looks-up-at-the-machine.md,The Flaming Lips - The Sparrow Looks Up At The Machine,15250000,FxfWTvJD1q8,"The Flaming Lips - ""The Sparrow Looks Up At The Machine"" [Official Video]",https://www.youtube.com/watch?v=FxfWTvJD1q8,YES
2015-11-09-skrillex-fck-that-by-nabil.md,SKRILLEX [F#ck That] by NABIL,110678112,,,,NO
2015-11-10-damian-jr-gong-marley-gunman-down.md,Damian “Jr. Gong” Marley. [Gunman Down],109888438,0UG88eUrn-A,"Damian ""JR GONG"" Marley - Is It Worth It ? (Gunman World) (Official Video)",https://www.youtube.com/watch?v=0UG88eUrn-A,YES
2015-11-12-dubioza-kolektiv-free-mp3-the-pirate-bay-song-uncensored-nsfw.md,Dubioza kolektiv “Free.mp3 (The Pirate Bay Song)” / UNCENSORED / NSFW,140641031,,,,NO
2015-11-12-paolo-nutini-iron-sky.md,Paolo Nutini ‘Iron Sky’,102826203,WoCSeIY0xdo,Paolo Nutini - Iron Sky [Short Film],https://www.youtube.com/watch?v=WoCSeIY0xdo,YES
2015-11-12-plan-b-prayin.md,Plan B ‘Prayin’,38354168,axfD-IqmTZg,Plan B - Prayin' (Official Video),https://www.youtube.com/watch?v=axfD-IqmTZg,YES
2015-11-12-riptide-in-the-middle-of-the-nite.md,RipTide - In The Middle of the Nite,85825615,hLEhwxy_Hig,RipTide - In the Middle of the Nite (Official music video by Stefan Glerum & Crooked Line),https://www.youtube.com/watch?v=hLEhwxy_Hig,YES
2015-11-12-the-ramona-flowers-tokyo.md,THE RAMONA FLOWERS | Tokyo,90181143,F5VRAsN4VH0,The Ramona Flowers - Dismantle and Rebuild (Official Music Video),https://www.youtube.com/watch?v=F5VRAsN4VH0,YES
2015-11-12-the-shoes-time-to-dance.md,The Shoes ‘Time To Dance’,40235501,pt9wnawn7xQ,The Shoes - Time to Dance (Official Video),https://www.youtube.com/watch?v=pt9wnawn7xQ,YES
2015-11-12-thugli-run-this.md,THUGLI - RUN THIS,82000616,B4TBRcVe4mY,"THUGLI - ""Run This"" (Official Video)",https://www.youtube.com/watch?v=B4TBRcVe4mY,YES
2016-01-29-biz-dunya-bukuldu.md,"Biz - \""Dünya Büküldü\",159621830,mQH2BayT5GQ,Biz - Dünya Büküldü (feat. Nilipek.) | Sofar Istanbul,https://www.youtube.com/watch?v=mQH2BayT5GQ,YES
2016-02-10-belly-maison.md,Belly – Maison,146960582,ZUdQwB0mHa8,Belly - Maison,https://www.youtube.com/watch?v=ZUdQwB0mHa8,YES
2016-02-10-kim-and-the-created-dead-to-me.md,Kim and the Created – Dead to Me,110206365,qit_TaDM2uE,Kim and The Created - Dead To Me (LIVE at The Echoplex),https://www.youtube.com/watch?v=qit_TaDM2uE,YES
2016-03-04-flying-lotus-fuckkkyouuu-a-short-film-by-eddie-alcazar.md,Flying Lotus - FUCKKKYOUUU (a short film by Eddie Alcazar),153738838,,,,NO
2016-03-04-saverne-hendrix.md,Saverne - Hendrix,155603994,uFQqf4wwc6M,SAVERNE - Hendrix [Official Music Video],https://www.youtube.com/watch?v=uFQqf4wwc6M,YES
2016-03-04-scene-de-crime.md,Scène De Crime,135824234,NYz8xs163YU,Sade - Is It A Crime - Official - 1986,https://www.youtube.com/watch?v=NYz8xs163YU,YES
2016-03-07-e2-80-a0-carpenter-brut-e2-80-a0-turbo-killer-e2-80-a0-directed-by-seth-ickerman-e2-80-a0-official-video-e2-80-a0.md,† Carpenter Brut † TURBO KILLER † Directed by Seth Ickerman † Official Video †,156773180,er416Ad3R1g,† Carpenter Brut † TURBO KILLER † Directed by Seth Ickerman † Official Video †,https://www.youtube.com/watch?v=er416Ad3R1g,YES
2016-05-07-kcpk-ft-sts-who-wants-it.md,KCPK ft. STS - WHO WANTS IT,157251756,1UFK0CA813s,KCPK - Who Wants It feat STS (Official Video),https://www.youtube.com/watch?v=1UFK0CA813s,YES
2016-05-26-mykki-blanco-high-school-never-ends-ft-woodkid.md,Mykki Blanco - High School Never Ends (ft. Woodkid),166976636,cNGR4ciDmTA,"Mykki Blanco - ""High School Never Ends"" (ft. Woodkid) (Official Music Video)",https://www.youtube.com/watch?v=cNGR4ciDmTA,YES
2016-05-27-boots-c-u-r-e.md,Boots - C.U.R.E.,165509812,MPkLz2quNOw,BOOTS - C.U.R.E. (Official Video),https://www.youtube.com/watch?v=MPkLz2quNOw,YES
2016-05-27-son-lux-cage-of-bones.md,SON LUX // Cage Of Bones,167430718,,,,NO
2016-06-30-wolfies-just-fine-a-new-beginning.md,Wolfie’s Just Fine - A New Beginning,174296909,,,,NO
2016-07-13-jamie-xx-gosh.md,Jamie xx - GOSH,184840918,hTGJfRPLe08,Jamie xx - Gosh,https://www.youtube.com/watch?v=hTGJfRPLe08,YES
2016-08-03-cri-tell-her.md,CRi: Tell Her,174210961,mB86kd42YzA,CRi: Tell Her (Official Video),https://www.youtube.com/watch?v=mB86kd42YzA,YES
2016-08-03-fur-voice-fantasia.md,FUR VOICE - Fantasía,123018448,nibdoW2tQlg,FUR VOICE - Fantasía (Official Video),https://www.youtube.com/watch?v=nibdoW2tQlg,YES
2016-08-03-lenny-kravitz-alexandre-chatelard.md,LENNY KRAVITZ | Alexandre Chatelard,174179940,YGDOVjz1F60,Alexandre Chatelard - Lenny Kravitz,https://www.youtube.com/watch?v=YGDOVjz1F60,YES
2016-08-10-emma-louise-west-end-kids.md,EMMA LOUISE - WEST END KIDS,177964163,ZVZ7ZsTjXv0,Emma Louise - West End Kids (Official),https://www.youtube.com/watch?v=ZVZ7ZsTjXv0,YES
2016-08-10-purity-ring-begin-again.md,Purity Ring - Begin Again,152773407,IIPMzeNWAtk,Purity Ring - begin again (Official Video),https://www.youtube.com/watch?v=IIPMzeNWAtk,YES
2016-08-14-jonkoklapper-offer.md,JONKOKLAPPER - OFFER,175352438,wtw4CP-Gxaw,Jonkoklapper - Offer (Official Video),https://www.youtube.com/watch?v=wtw4CP-Gxaw,YES
2016-08-22-tame-impala-mind-mischief.md,Tame Impala - Mind Mischief,57946935,,,,NO
2016-08-23-pa-laguerta.md,PA “Laguerta”,170807319,0iit72YCzWw,P A - Laguerta,https://www.youtube.com/watch?v=0iit72YCzWw,YES
2016-08-24-dj-shadow-ft-run-the-jewels-nobody-speak.md,DJ Shadow ft. Run The Jewels - Nobody Speak,180016993,NUC2EQvdzmY,DJ Shadow - Nobody Speak feat. Run The Jewels (Official Video),https://www.youtube.com/watch?v=NUC2EQvdzmY,YES
2016-09-17-j-cole-she-knows-ft-amber-coffman-cults.md,J.Cole - She Knows (ft. Amber Coffman & Cults),86718857,jYdaQJzcAcw,"J. Cole - She Knows (Explicit Video) ft. Amber Coffman, Cults",https://www.youtube.com/watch?v=jYdaQJzcAcw,YES
2016-09-17-phantoms-voyeur.md,PHANTOMS - VOYEUR,125551356,lj2x_srY6vA,Phantoms - Voyeur ft. Nicholas Braun,https://www.youtube.com/watch?v=lj2x_srY6vA,YES
2016-09-17-the-avalanches-subways.md,The Avalanches | Subways,180577024,qLrnkK2YEcE,The Avalanches - Frontier Psychiatrist (Official HD Video),https://www.youtube.com/watch?v=qLrnkK2YEcE,YES
2016-09-30-alfons-ganjaman.md,Alfons - Ganjaman,129675375,CpP1oYNsXwI,Alfons - Ganjaman (Official Video),https://www.youtube.com/watch?v=CpP1oYNsXwI,YES
2016-10-12-valentino-khan-deep-down-low.md,Valentino Khan - Deep Down Low,153159513,1wl5BbUg05M,Valentino Khan - Deep Down Low (Official Music Video),https://www.youtube.com/watch?v=1wl5BbUg05M,YES
2016-11-23-sbcr-the-grid.md,SBCR | The Grid,124523399,,,,NO
2017-02-22-bomba-estereo-soy-yo-torben-kjelstrup.md,Bomba Estereo - Soy Yo | Torben Kjelstrup,178872845,NCEQX46L3KU,Bomba Estéreo - Internacionales (Official Video),https://www.youtube.com/watch?v=NCEQX46L3KU,YES
2017-02-22-chelou-halfway-to-nowhere.md,Chelou - Halfway to Nowhere,194805158,BgP9tzt9_Z8,Chelou - Halfway to Nowhere,https://www.youtube.com/watch?v=BgP9tzt9_Z8,YES
2017-02-22-claude-vonstroke-make-a-cake.md,Claude VonStroke - Make A Cake,190295061,kWNHvIt9ryk,Claude VonStroke - Make A Cake [OFFICIAL VIDEO],https://www.youtube.com/watch?v=kWNHvIt9ryk,YES
2017-02-22-dessert-songs-for-children.md,Dessert - Songs for Children,189365767,,,,NO
2017-02-22-kungs-i-feel-so-bad.md,KUNGS : I FEEL SO BAD,190484705,0SVk3adkchY,Kungs - I FEEL SO BAD (Official Video) ft. Ephemerals,https://www.youtube.com/watch?v=0SVk3adkchY,YES
2017-02-22-savage-like-michael-jackson.md,SAVAGE | Like Michael Jackson,130934247,t1pqi8vjTLY,Michael Jackson - They Don't Care About Us (Prison Version) (Official Video),https://www.youtube.com/watch?v=t1pqi8vjTLY,YES
2017-02-22-schoolboy-q-ft-e-40-dope-dealer.md,ScHoolboy Q ft. E-40 - Dope Dealer,191539459,,,,NO
2017-02-22-t-rextasy-gap-yr-boiz.md,T-Rextasy - “Gap Yr Boiz”,181846153,NzyJvGuJfkk,T-Rextasy - Gap Yr Boiz [Official Music Video],https://www.youtube.com/watch?v=NzyJvGuJfkk,YES
2017-02-22-the-chase-in-the-ghost-train.md,THE CHASE IN THE GHOST TRAIN,182359265,,,,NO
2017-02-22-vince-staples-a-musical-short.md,VINCE STAPLES - a musical short,180608332,8Un0nhTbzMk,Vince Staples - Ramona Park Broke My Heart The Musical: WHEN SPARKS FLY,https://www.youtube.com/watch?v=8Un0nhTbzMk,YES
2017-02-28-porter-la-china.md,Porter - La China,170555604,rk2qfn3oU0U,Porter - La China (Video Oficial),https://www.youtube.com/watch?v=rk2qfn3oU0U,YES
2017-02-28-the-avalanches-because-im-me.md,The Avalanches - Because I''m Me,189166919,eu0KsZ_MVBc,The Avalanches - Because I'm Me (Official Video),https://www.youtube.com/watch?v=eu0KsZ_MVBc,YES
2017-03-01-plurabelle-our-fires.md,Plurabelle - Our Fires,99541639,1zTr1Zn-h7I,Plurabelle - Our Fires,https://www.youtube.com/watch?v=1zTr1Zn-h7I,YES
2017-05-15-dirty-image.md,dirty image,180337696,RgnXl7fz0Bc,Taio Cruz - Dirty Picture ft. Kesha,https://www.youtube.com/watch?v=RgnXl7fz0Bc,YES
2017-05-15-kenzo-sun-to-sun-a-retelling-of-the-momotaro-tale.md,"KENZO - SUN TO SUN, A RETELLING OF THE MOMOTARO TALE",169828755,,,,NO
2017-05-15-leon-else-black-car.md,Leon Else - Black Car,182579439,8YsB_V-0aMY,Leon Else - Black Car,https://www.youtube.com/watch?v=8YsB_V-0aMY,YES
2017-05-15-lorn-anvil.md,LORN - ANVIL,181706731,CqaAs_3azSs,LORN - ANVIL [Official Music Video],https://www.youtube.com/watch?v=CqaAs_3azSs,YES
2017-05-15-nick-leng-quite-some-time.md,Nick Leng: Quite Some Time,171666583,qQSKx4nZ-qY,Nick Leng: Quite Some Time (Official Music Video),https://www.youtube.com/watch?v=qQSKx4nZ-qY,YES
2017-05-15-skrillex-wiwek-still-in-the-cage-directors-cut.md,Skrillex + Wiwek | “Still in the Cage” | Director’s cut,181035919,V3tx435a_84,Skrillex  Wiwek   Killa ft  Elliphant Official Video,https://www.youtube.com/watch?v=V3tx435a_84,YES
2017-05-15-still-weavens-feat-fresh-daily-guilty-simpson-down.md,Still Weavens feat. Fresh Daily & Guilty Simpson - Down,181596533,uuEc2afEvC4,Still Weavens  - Down feat. Fresh Daily & Guilty Simpson,https://www.youtube.com/watch?v=uuEc2afEvC4,YES
2017-05-17-deech-get-better-boss.md,Deech - “Get Better Boss”,101179846,C8CHXLIoFMs,Boss Shit (Official Video) Deech Wade x Twan Green feat. HotHead(O.M.U. Ent.) Video Of Da Year 2020,https://www.youtube.com/watch?v=C8CHXLIoFMs,YES
2017-05-17-leningrad-kolshik.md,Leningrad - Kolshik,204150149,4v6a0z-f9dI,Leningrad Kolshik,https://www.youtube.com/watch?v=4v6a0z-f9dI,YES
2017-05-17-symbion-project-arcadian.md,SYMBION PROJECT - ARCADIAN,202717059,ftJpgvgUD5s,"Symbion Project ~ ""Arcadian""  (Official Music Video)",https://www.youtube.com/watch?v=ftJpgvgUD5s,YES
2017-05-17-the-blaze-territory.md,The Blaze - Territory,222486164,54fea7wuV6s,The Blaze - TERRITORY (Official Video),https://www.youtube.com/watch?v=54fea7wuV6s,YES
2017-05-17-we-together-short-film.md,We Together // short film,175191424,1_1jm4lrOLo,Kendrick Lamar  We Cry Together Official Music Video  A Short Film,https://www.youtube.com/watch?v=1_1jm4lrOLo,YES
2017-06-07-jil-all-your-words.md,JIL – All Your Words,207288397,Yj5MlgUpODo,JIL - All Your Words (Music Video),https://www.youtube.com/watch?v=Yj5MlgUpODo,YES
2017-06-07-kendrick-lamar-dna.md,Kendrick Lamar - DNA.,206469189,NLZRYQMLDW4,Kendrick Lamar - DNA.,https://www.youtube.com/watch?v=NLZRYQMLDW4,YES
2017-06-07-kenzo-music-is-my-mistress-a-film-by-kahlil-joseph.md,"KENZO \""Music is my Mistress\"", a film by Kahlil Joseph",226189328,MgP9GhalOKA,An Attempted Interview by Kahlil Joseph 2005,https://www.youtube.com/watch?v=MgP9GhalOKA,YES
2017-06-07-limperatrice-vanille-fraise.md,L’IMPERATRICE - VANILLE FRAISE,153925318,iZAqaykiS70,L'Impératrice ♗ VANILLE FRAISE,https://www.youtube.com/watch?v=iZAqaykiS70,YES
2017-06-07-michael-kiwanuka-cold-little-heart.md,MICHAEL KIWANUKA | COLD LITTLE HEART,209695544,nOubjLM9Cbc,Michael Kiwanuka - Cold Little Heart (Official Video),https://www.youtube.com/watch?v=nOubjLM9Cbc,YES
2017-06-07-run-the-jewels-legend-has-it.md,Run the Jewels - Legend Has It,209608586,vWaljXUiCaE,Run The Jewels - Legend Has It (Official Music Video From RTJ3 & Black Panther),https://www.youtube.com/watch?v=vWaljXUiCaE,YES
2017-06-07-sphynx-la-femme.md,Sphynx - La Femme,157991993,XOic6pVAN30,La Femme - Sphynx,https://www.youtube.com/watch?v=XOic6pVAN30,YES
2017-06-07-the-blaze-virile.md,The Blaze - Virile,152889973,UivZrL2znh0,The Blaze - VIRILE (Official Video),https://www.youtube.com/watch?v=UivZrL2znh0,YES
2017-06-07-vince-staples-senorita.md,Vince Staples - Señorita,128630060,5OAYMMod9Wo,Vince Staples - Señorita (Explicit),https://www.youtube.com/watch?v=5OAYMMod9Wo,YES
2017-06-07-young-thug-wyclef-jean.md,Young Thug - Wyclef Jean,198763338,_9L3j-lVLwk,Young Thug - Wyclef Jean [Official Video],https://www.youtube.com/watch?v=_9L3j-lVLwk,YES
2018-07-25-david-lynch-good-day-today.md,David Lynch - Good Day Today,18787662,IugOfDBWcGc,David Lynch 'Good Day Today' (Official Video),https://www.youtube.com/watch?v=IugOfDBWcGc,YES
2018-07-25-the-way-through-mishicbatllaban-katabasis.md,The way through Mishicbatllaban (Katabasis),76057608,RCh3Yor_7Q8,Katabasis - The way through Mishicbatllaban (HD),https://www.youtube.com/watch?v=RCh3Yor_7Q8,YES
2018-09-25-alaskan-tapes-x-the-last-dinosaur-under-the-viaduct.md,ALASKAN TAPES x THE LAST DINOSAUR // UNDER THE VIADUCT,273138943,k-M2MkuTFgE,Under The Viaduct,https://www.youtube.com/watch?v=k-M2MkuTFgE,YES
2018-09-25-blackmass_experiment.md,BlackMass_Experiment,269637018,M0sLIY22404,BlackMass_experiment,https://www.youtube.com/watch?v=M0sLIY22404,YES
2018-09-25-blue-lab-beats-oooo-lala.md,BLUE LAB BEATS | Oooo Lala,266084213,zgRqpvGan0k,Blue Lab Beats - Oooo Lala ft. Kaidi Akinnibi,https://www.youtube.com/watch?v=zgRqpvGan0k,YES
2018-09-25-boston-bun-spread-love.md,BOSTON BUN - SPREAD LOVE,277609149,5rF0AeF3FY4,Boston Bun - Spread Love (Paddington) feat. DVNO [Official Video],https://www.youtube.com/watch?v=5rF0AeF3FY4,YES
2018-09-25-brodinski-split.md,Brodinski - Split,279624934,yVahuWUNZXQ,Brodinski Feat. Peewee Longway - Split (Official Video),https://www.youtube.com/watch?v=yVahuWUNZXQ,YES
2018-09-25-brother-dege-partial-to-the-bitters-pt-ii.md,Brother Dege - Partial to the Bitters Pt. II,283491447,-sXqXR_7bWg,Brother Dege | Partial to the Bitters (OFFICIAL VIDEO),https://www.youtube.com/watch?v=-sXqXR_7bWg,YES
2018-09-25-d1-85-d0-b0-d1-81-d0-ba-d0-b8-haski-judas.md,Хаски (Haski) /// JUDAS,265364614,0e9JgyzCIBc,Хаски - Иуда,https://www.youtube.com/watch?v=0e9JgyzCIBc,YES
2018-09-25-dj-snake-magenta-riddim.md,DJ Snake - MAGENTA RIDDIM,264197456,op4B9sNGi0k,DJ Snake - Magenta Riddim,https://www.youtube.com/watch?v=op4B9sNGi0k,YES
2018-09-25-dram-ft-aap-rocky-juicy-j-gilligan.md,DRAM FT A$AP ROCKY & JUICY J - GILLIGAN,231554446,hEcPNrqsXfg,DRAM - Gilligan ft. A$AP Rocky & Juicy J  [OFFICIAL VIDEO],https://www.youtube.com/watch?v=hEcPNrqsXfg,YES
2018-09-25-droeloe-wake-the-warrior.md,DROELOE - Wake The Warrior,191871914,AhEHFwzbiTE,DROELOE - Wake The Warrior (Official Music Video),https://www.youtube.com/watch?v=AhEHFwzbiTE,YES
2018-09-25-fleet-foxes-i-am-all-that-i-need-arroyo-seco-thumbprint-scar.md,Fleet Foxes - I Am All That I Need / Arroyo Seco / Thumbprint Scar,288253462,N5-HmSF9vtQ,Fleet Foxes -  I Am All That I Need / Arroyo Seco / Thumbprint Scar (Official Video),https://www.youtube.com/watch?v=N5-HmSF9vtQ,YES
2018-09-25-gonjasufi-vinaigrette.md,GONJASUFI “VINAIGRETTE”,176479548,MIzsc_t_V0Y,Gonjasufi - Vinaigrette (Official Video),https://www.youtube.com/watch?v=MIzsc_t_V0Y,YES
2018-09-25-gravedgr-rampage.md,GRAVEDGR - RAMPAGE,280719701,slpWEl7nTwk,GRAVEDGR - RAMPAGE,https://www.youtube.com/watch?v=slpWEl7nTwk,YES
2018-09-25-head-in-the-clouds-a-midsummer-nights-dream.md,Head in the Clouds: a midsummer night’s dream,283748810,T-3oqrPHleQ,Head In The Clouds: a midsummer night's dream by 88rising,https://www.youtube.com/watch?v=T-3oqrPHleQ,YES
2018-09-25-hurray-for-the-riff-raff-palante.md,Hurray for the Riff Raff - Pa’lante,266748395,LilVDjLaZSE,Hurray For The Riff Raff - Pa'lante (Official Video),https://www.youtube.com/watch?v=LilVDjLaZSE,YES
2018-09-25-indochine-station-13.md,INDOCHINE | Station 13,280700712,J4Yg5HAjT2o,Indochine - Station 13 (Clip officiel),https://www.youtube.com/watch?v=J4Yg5HAjT2o,YES
2018-09-25-jon-hopkins-singularity.md,Jon Hopkins - Singularity,290574571,lkvnpHFajt0,Jon Hopkins - Singularity (Official Video),https://www.youtube.com/watch?v=lkvnpHFajt0,YES
2018-09-25-justice-love-s-o-s.md,JUSTICE - LOVE S.O.S,290501106,w6tNlYI3MdY,Justice - Love S.O.S. (WWW) [Official Video],https://www.youtube.com/watch?v=w6tNlYI3MdY,YES
2018-09-25-kemialliset-ystavat-pujottelua.md,Kemialliset Ystävät - “Pujottelua”,263449221,zQMtQERWSUs,Intro Animata - Sicilia Queer 2018,https://www.youtube.com/watch?v=zQMtQERWSUs,YES
2018-09-25-kormac-new-day-dir-cut.md,Kormac | New Day dir. cut,290253648,wvDo1mCkz2A,Kormac | New Day dir. cut,https://www.youtube.com/watch?v=wvDo1mCkz2A,YES
2018-09-25-lemaitre-higher-featuring-maty-noyes.md,LEMAITRE “HIGHER” Featuring Maty Noyes,253492200,bsENfTmAdeI,Lemaitre - Higher ft. Maty Noyes,https://www.youtube.com/watch?v=bsENfTmAdeI,YES
2018-09-25-overwerk-reign.md,OVERWERK - Reign,259668359,N-sDbJSXnYc,OVERWERK - Reign (Official Video),https://www.youtube.com/watch?v=N-sDbJSXnYc,YES
2018-09-25-polaroid-experience-youssoupha.md,POLAROID EXPERIENCE | YOUSSOUPHA,284487415,IgZEWkNOSPo,Youssoupha - Polaroïd Experience (Clip Officiel),https://www.youtube.com/watch?v=IgZEWkNOSPo,YES
2018-09-25-stam-goody-clutch.md,Stam Goody - Clutch,273064114,6osFCIdDCas,Stam Goody - CLUTCH,https://www.youtube.com/watch?v=6osFCIdDCas,YES
2018-09-25-stephanie-richards-gong.md,Stephanie Richards — Gong,258685528,qM0DwRY_0iE,"Steph Richards Music Video - ""GONG""",https://www.youtube.com/watch?v=qM0DwRY_0iE,YES
2018-09-25-the-blaze-queens.md,THE BLAZE | QUEENS,288713682,54fea7wuV6s,The Blaze - TERRITORY (Official Video),https://www.youtube.com/watch?v=54fea7wuV6s,YES
2018-09-25-the-everlasters-ordinary-tribe.md,THE EVERLASTERS • ORDINARY TRIBE,256955713,eJgddm39Ex8,The Everlasters - Ordinary Tribe,https://www.youtube.com/watch?v=eJgddm39Ex8,YES
2018-09-25-thylacine-war-dance.md,Thylacine | War Dance,272826504,iU1ZFLKnlMk,THYLACINE - War Dance (Official music video),https://www.youtube.com/watch?v=iU1ZFLKnlMk,YES
2018-09-25-tim-aminov-feat-cedric-gasaida-orpheus.md,Tim Aminov feat. Cédric Gasaïda /// ORPHEUS,261789043,xWO0VgwyXVM,TIM AMINOV - ORPHEUS (FEAT. CÉDRIC GASAÏDA),https://www.youtube.com/watch?v=xWO0VgwyXVM,YES
2018-09-25-tinariwen-ioi-nannuflay.md,Tinariwen (+IO:I) - Nànnuflày,260055409,H1YIgwPsX5Q,Tinariwen (+IO:I) - Nànnuflày,https://www.youtube.com/watch?v=H1YIgwPsX5Q,YES
2018-09-25-tshegue-i-muanapoto.md,Tshegue I Muanapoto,272767519,yC91GYRqwH0,TSHEGUE - Muanapoto (official video),https://www.youtube.com/watch?v=yC91GYRqwH0,YES
2018-09-25-unsilenced-haute-ft-billy-read.md,UNSILENCED • HAUTE ft. BILLY READ,259743438,rzABLtFjNss,Haute Feat. Billy Read – Unsilenced,https://www.youtube.com/watch?v=rzABLtFjNss,YES
2018-09-25-young-fathers-toy.md,YOUNG FATHERS ‘Toy’,267366457,4lH1jC9Eb3w,Young Fathers - Toy (Official Video),https://www.youtube.com/watch?v=4lH1jC9Eb3w,YES
2018-10-11-aigel-1190-short-music-film.md,AIGEL // 1190 | Short music film,246051988,Y3Gf4BZxm4s,АИГЕЛ - 1190 // AIGEL - 1190 (short movie),https://www.youtube.com/watch?v=Y3Gf4BZxm4s,YES
2018-10-11-aigel-tatarin.md,AIGEL // Tatarin,234820489,yQR_NLeXKtw,"АИГЕЛ — Татарин // AIGEL — Tatarin [Official Music Video | English, Russian, Tatar subtitles]",https://www.youtube.com/watch?v=yQR_NLeXKtw,YES
2018-12-11-heart-of-sky-short-by-jessy-moussallem.md,Heart of Sky // short by Jessy Moussallem,289494033,xj6jtsYty0I,Heart Of Sky - The Short Film,https://www.youtube.com/watch?v=xj6jtsYty0I,YES
2018-12-11-leftfield-head-and-shoulders.md,Leftfield // Head and Shoulders,134281027,oJVyEELSlM8,Leftfield & Sleaford Mods - Head And Shoulders,https://www.youtube.com/watch?v=oJVyEELSlM8,YES
2019-06-11-slip.md,SLIP,114097964,yb2n43yyThk,Elliot Moss - Slip (Official Music Video),https://www.youtube.com/watch?v=yb2n43yyThk,YES
2019-06-11-weval-someday.md,WEVAL - SOMEDAY,328690392,n-wEvzqdDZg,Weval - Someday (Official Video),https://www.youtube.com/watch?v=n-wEvzqdDZg,YES
2019-10-24-kasst-hell-on-earth.md,Kas:st - Hell On Earth,364325963,Fwi1qgSaxZY,KAS:ST - Hell On Earth (Official Video),https://www.youtube.com/watch?v=Fwi1qgSaxZY,YES
2019-11-18-maslo-chernogo-tmina-the-untitled.md,maslo chernogo tmina - the untitled,372915380,U2jXkVSd5uo,масло черного тмина - аппарат президента 2,https://www.youtube.com/watch?v=U2jXkVSd5uo,YES
2019-11-20-ram-parazit-d0-bf-d0-b0-d1-80-d0-b0-d0-b7-d0-b8-d1-82.md,RAM - PARAZIT (Паразит),365636296,JS0am0bPAIE,RAM — Паразит (Official Music Video),https://www.youtube.com/watch?v=JS0am0bPAIE,YES
2019-11-29-husky-x-maslo-chernogo-tmina-kill-me.md,HUSKY X MASLO CHERNOGO TMINA - KILL ME,375655613,NOLDfHogato,Хаски & масло черного тмина — Убей меня,https://www.youtube.com/watch?v=NOLDfHogato,YES
2021-01-17-husky-d0-bd-d0-b8-d0-ba-d0-be-d0-b3-d0-b4-d0-b0-d0-bd-d0-b8-d0-b1-d1-83-d0-b4-d1-8c.md,Husky - Никогда-нибудь,464690979,4C_NEIzqLPM,Хаски - Никогда-нибудь,https://www.youtube.com/watch?v=4C_NEIzqLPM,YES
